{
    "overall_results": {
        "accuracy": {
            "mean": 0.7260726072607261,
            "std": 0.0
        },
        "auc_roc": {
            "mean": 0.8105357142857142,
            "std": 0.0
        },
        "auc_pr": {
            "mean": 0.8617889170406013,
            "std": 0.0
        },
        "ppv": {
            "mean": 0.7987012987012987,
            "std": 0.0
        },
        "sensitivity": {
            "mean": 0.7028571428571428,
            "std": 0.0
        },
        "specificity": {
            "mean": 0.7578125,
            "std": 0.0
        },
        "precision": {
            "mean": 0.7987012987012987,
            "std": 0.0
        },
        "recall": {
            "mean": 0.7028571428571428,
            "std": 0.0
        },
        "f1_score": {
            "mean": 0.7477203647416414,
            "std": 0.0
        }
    }
}