{
    "overall_results": {
        "accuracy": {
            "mean": 0.768976897689769,
            "std": 0.0
        },
        "auc_roc": {
            "mean": 0.8145982142857144,
            "std": 0.0
        },
        "auc_pr": {
            "mean": 0.8628765656018385,
            "std": 0.0
        },
        "ppv": {
            "mean": 0.8034682080924855,
            "std": 0.0
        },
        "sensitivity": {
            "mean": 0.7942857142857143,
            "std": 0.0
        },
        "specificity": {
            "mean": 0.734375,
            "std": 0.0
        },
        "precision": {
            "mean": 0.8034682080924855,
            "std": 0.0
        },
        "recall": {
            "mean": 0.7942857142857143,
            "std": 0.0
        },
        "f1_score": {
            "mean": 0.7988505747126436,
            "std": 0.0
        }
    }
}