{
    "overall_results": {
        "accuracy": {
            "mean": 0.801980198019802,
            "std": 0.0
        },
        "auc_roc": {
            "mean": 0.864375,
            "std": 0.0
        },
        "auc_pr": {
            "mean": 0.897123666583304,
            "std": 0.0
        },
        "ppv": {
            "mean": 0.8402366863905325,
            "std": 0.0
        },
        "sensitivity": {
            "mean": 0.8114285714285714,
            "std": 0.0
        },
        "specificity": {
            "mean": 0.7890625,
            "std": 0.0
        },
        "precision": {
            "mean": 0.8402366863905325,
            "std": 0.0
        },
        "recall": {
            "mean": 0.8114285714285714,
            "std": 0.0
        },
        "f1_score": {
            "mean": 0.8255813953488372,
            "std": 0.0
        }
    }
}