{
    "overall_results": {
        "accuracy": {
            "mean": 0.7029702970297029,
            "std": 0.0
        },
        "auc_roc": {
            "mean": 0.7870535714285714,
            "std": 0.0
        },
        "auc_pr": {
            "mean": 0.8513740533255011,
            "std": 0.0
        },
        "ppv": {
            "mean": 0.6940639269406392,
            "std": 0.0
        },
        "sensitivity": {
            "mean": 0.8685714285714285,
            "std": 0.0
        },
        "specificity": {
            "mean": 0.4765625,
            "std": 0.0
        },
        "precision": {
            "mean": 0.6940639269406392,
            "std": 0.0
        },
        "recall": {
            "mean": 0.8685714285714285,
            "std": 0.0
        },
        "f1_score": {
            "mean": 0.7715736040609137,
            "std": 0.0
        }
    }
}