{
    "overall_results": {
        "accuracy": {
            "mean": 0.7788778877887789,
            "std": 0.0
        },
        "auc_roc": {
            "mean": 0.8661607142857143,
            "std": 0.0
        },
        "auc_pr": {
            "mean": 0.9082128144262529,
            "std": 0.0
        },
        "ppv": {
            "mean": 0.8176470588235294,
            "std": 0.0
        },
        "sensitivity": {
            "mean": 0.7942857142857143,
            "std": 0.0
        },
        "specificity": {
            "mean": 0.7578125,
            "std": 0.0
        },
        "precision": {
            "mean": 0.8176470588235294,
            "std": 0.0
        },
        "recall": {
            "mean": 0.7942857142857143,
            "std": 0.0
        },
        "f1_score": {
            "mean": 0.8057971014492754,
            "std": 0.0
        }
    }
}