{
    "overall_results": {
        "accuracy": {
            "mean": 0.7821782178217822,
            "std": 0.0
        },
        "auc_roc": {
            "mean": 0.8679017857142857,
            "std": 0.0
        },
        "auc_pr": {
            "mean": 0.9152302782337263,
            "std": 0.0
        },
        "ppv": {
            "mean": 0.8343558282208589,
            "std": 0.0
        },
        "sensitivity": {
            "mean": 0.7771428571428571,
            "std": 0.0
        },
        "specificity": {
            "mean": 0.7890625,
            "std": 0.0
        },
        "precision": {
            "mean": 0.8343558282208589,
            "std": 0.0
        },
        "recall": {
            "mean": 0.7771428571428571,
            "std": 0.0
        },
        "f1_score": {
            "mean": 0.8047337278106509,
            "std": 0.0
        }
    }
}