{
    "overall_results": {
        "accuracy": {
            "mean": 0.7722772277227723,
            "std": 0.0
        },
        "auc_roc": {
            "mean": 0.8511160714285715,
            "std": 0.0
        },
        "auc_pr": {
            "mean": 0.8982150773406994,
            "std": 0.0
        },
        "ppv": {
            "mean": 0.8732394366197183,
            "std": 0.0
        },
        "sensitivity": {
            "mean": 0.7085714285714285,
            "std": 0.0
        },
        "specificity": {
            "mean": 0.859375,
            "std": 0.0
        },
        "precision": {
            "mean": 0.8732394366197183,
            "std": 0.0
        },
        "recall": {
            "mean": 0.7085714285714285,
            "std": 0.0
        },
        "f1_score": {
            "mean": 0.7823343848580442,
            "std": 0.0
        }
    }
}