{
    "overall_results": {
        "accuracy": {
            "mean": 0.760075907590759,
            "std": 0.0
        },
        "auc_roc": {
            "mean": 0.8434821428571427,
            "std": 0.0
        },
        "auc_pr": {
            "mean": 0.8978907360496395,
            "std": 0.0
        },
        "ppv": {
            "mean": 0.7771739130434783,
            "std": 0.0
        },
        "sensitivity": {
            "mean": 0.8171428571428572,
            "std": 0.0
        },
        "specificity": {
            "mean": 0.6796875,
            "std": 0.0
        },
        "precision": {
            "mean": 0.7771739130434783,
            "std": 0.0
        },
        "recall": {
            "mean": 0.8171428571428572,
            "std": 0.0
        },
        "f1_score": {
            "mean": 0.7966573816155988,
            "std": 0.0
        }
    }
}