{
    "overall_results": {
        "accuracy": {
            "mean": 0.8514851485148515,
            "std": 0.0
        },
        "auc_roc": {
            "mean": 0.9249553571428573,
            "std": 0.0
        },
        "auc_pr": {
            "mean": 0.9533728969495513,
            "std": 0.0
        },
        "ppv": {
            "mean": 0.8611111111111112,
            "std": 0.0
        },
        "sensitivity": {
            "mean": 0.8857142857142857,
            "std": 0.0
        },
        "specificity": {
            "mean": 0.8046875,
            "std": 0.0
        },
        "precision": {
            "mean": 0.8611111111111112,
            "std": 0.0
        },
        "recall": {
            "mean": 0.8857142857142857,
            "std": 0.0
        },
        "f1_score": {
            "mean": 0.8732394366197183,
            "std": 0.0
        }
    }
}