{
    "overall_results": {
        "accuracy": {
            "mean": 0.7722772277227723,
            "std": 0.0
        },
        "auc_roc": {
            "mean": 0.8423214285714284,
            "std": 0.0
        },
        "auc_pr": {
            "mean": 0.87588015530979,
            "std": 0.0
        },
        "ppv": {
            "mean": 0.8397435897435898,
            "std": 0.0
        },
        "sensitivity": {
            "mean": 0.7485714285714286,
            "std": 0.0
        },
        "specificity": {
            "mean": 0.8046875,
            "std": 0.0
        },
        "precision": {
            "mean": 0.8397435897435898,
            "std": 0.0
        },
        "recall": {
            "mean": 0.7485714285714286,
            "std": 0.0
        },
        "f1_score": {
            "mean": 0.7915407854984894,
            "std": 0.0
        }
    }
}