{
    "train_g_losses": [
        0.10301871430374977,
        0.10281220042364188,
        0.1025814741642027,
        0.10237615939541535,
        0.10218636721110029,
        0.10272178309320003,
        0.10263374770571657,
        0.10248520382284768,
        0.10239078250553639,
        0.1022475885333994,
        0.10209215116220774,
        0.10194984744145656,
        0.1018257651220947,
        0.10175321746218222,
        0.10167370833423695,
        0.1022849844744027,
        0.10219527301809336,
        0.10213258632741835,
        0.10202739478010964,
        0.10197241706076172,
        0.1019203797114053,
        0.10178223426799766,
        0.10165697748112258,
        0.10161543780289557,
        0.10150921618820287,
        0.10143215322481378,
        0.10135299267135178,
        0.10130655393551449,
        0.10122079346411028,
        0.10116801869873608,
        0.10110144709919343,
        0.10105365054154011,
        0.10102275982717936,
        0.10099323561603803,
        0.10099428507571878,
        0.10170050696763873,
        0.10155692979934107,
        0.10155215533381867,
        0.10150695649056357,
        0.1013936735197311,
        0.10140098132488486,
        0.10136359971612911,
        0.1013681668454505,
        0.10124124359563759,
        0.10120264230167463,
        0.10116876102710436,
        0.10107293942732608,
        0.10106035131583654,
        0.10102398142152946,
        0.10099793439416459,
        0.10087469950996657,
        0.10081523680914516,
        0.10079037932550504,
        0.1007268736125264,
        0.10063794742662475,
        0.10061673207342538,
        0.10052690087173478,
        0.10052363265978607,
        0.10045484496655269,
        0.10040371653332585,
        0.10038100026011818,
        0.10032849778556614,
        0.10028092453198811,
        0.10022246121003589,
        0.10023148733679418,
        0.10018568092659007,
        0.10018185058966958,
        0.10012824270496809,
        0.10010433619330458
    ],
    "train_d_losses": [
        0.0,
        0.0,
        0.0,
        0.0,
        0.0,
        0.0,
        0.0,
        0.0,
        0.0,
        0.0,
        0.0,
        0.0,
        0.0,
        0.0,
        0.0,
        0.0,
        0.0,
        0.0,
        0.0,
        0.0,
        0.0,
        0.0,
        0.0,
        0.0,
        0.0,
        0.0,
        0.0,
        0.0,
        0.0,
        0.0,
        0.0,
        0.0,
        0.0,
        0.0,
        0.0,
        0.0,
        0.0,
        0.0,
        0.0,
        0.0,
        0.0,
        0.0,
        0.0,
        0.0,
        0.0,
        0.0,
        0.0,
        0.0,
        0.0,
        0.0,
        0.0,
        0.0,
        0.0,
        0.0,
        0.0,
        0.0,
        0.0,
        0.0,
        0.0,
        0.0,
        0.0,
        0.0,
        0.0,
        0.0,
        0.0,
        0.0,
        0.0,
        0.0,
        0.0
    ],
    "val_g_losses": [
        0.10297851023337654,
        0.10288452811508259,
        0.10371743767093326,
        0.10292394511803551,
        0.1023702151238671,
        0.10338565438243857,
        0.10316746972532193,
        0.10266539745063702,
        0.10280196143012818,
        0.10223298130317347,
        0.1027277448983608,
        0.10200555010455278,
        0.10196124994161218,
        0.10205416687420295,
        0.1019117006127765,
        0.10259945944137099,
        0.10207968263952565,
        0.10214246729102867,
        0.10193096583562274,
        0.10270928501835502,
        0.10260042038077635,
        0.10175860240375352,
        0.10168197911804643,
        0.10163301643741576,
        0.10155509294810632,
        0.10185732704846197,
        0.10177715456584677,
        0.10137880970704605,
        0.10171981257892743,
        0.10152129059139624,
        0.10138327331587486,
        0.10121223791135298,
        0.10121401136594195,
        0.10134139264396612,
        0.10124447790295256,
        0.1020792588529745,
        0.10188116451640347,
        0.10145247761639321,
        0.10141323213137036,
        0.10192338201020268,
        0.10174182304702854,
        0.10124431151695766,
        0.10131399339660074,
        0.10170389971545128,
        0.10125605391021586,
        0.1012026249311277,
        0.10109871094157587,
        0.10167179522548968,
        0.1009014813979137,
        0.10099837366352438,
        0.10085890238092153,
        0.10110966088366212,
        0.10105009955118306,
        0.10087539549314135,
        0.10069872599667039,
        0.10095715408379606,
        0.10064898885755619,
        0.10053684689197302,
        0.10053834721013223,
        0.10086794917885199,
        0.10072287808933693,
        0.10045590158938372,
        0.10049737387054689,
        0.1003706741815286,
        0.10033308897028326,
        0.10036200621934352,
        0.10041181084649692,
        0.10046511161995132,
        0.10033173661261674
    ],
    "val_d_losses": [
        0.0,
        0.0,
        0.0,
        0.0,
        0.0,
        0.0,
        0.0,
        0.0,
        0.0,
        0.0,
        0.0,
        0.0,
        0.0,
        0.0,
        0.0,
        0.0,
        0.0,
        0.0,
        0.0,
        0.0,
        0.0,
        0.0,
        0.0,
        0.0,
        0.0,
        0.0,
        0.0,
        0.0,
        0.0,
        0.0,
        0.0,
        0.0,
        0.0,
        0.0,
        0.0,
        0.0,
        0.0,
        0.0,
        0.0,
        0.0,
        0.0,
        0.0,
        0.0,
        0.0,
        0.0,
        0.0,
        0.0,
        0.0,
        0.0,
        0.0,
        0.0,
        0.0,
        0.0,
        0.0,
        0.0,
        0.0,
        0.0,
        0.0,
        0.0,
        0.0,
        0.0,
        0.0,
        0.0,
        0.0,
        0.0,
        0.0,
        0.0,
        0.0,
        0.0
    ],
    "best_epoch": 69,
    "best_losses": {
        "train_g": 0.10010433619330458,
        "train_d": 0.0,
        "val_g": 0.10033173661261674,
        "val_d": 0.0,
        "val_total": 0.10033173661261674
    }
}