{
    "overall_results": {
        "accuracy": {
            "mean": 0.7887788778877888,
            "std": 0.0
        },
        "auc_roc": {
            "mean": 0.9023660714285714,
            "std": 0.0
        },
        "auc_pr": {
            "mean": 0.9414099276846639,
            "std": 0.0
        },
        "ppv": {
            "mean": 0.7733990147783252,
            "std": 0.0
        },
        "sensitivity": {
            "mean": 0.8971428571428571,
            "std": 0.0
        },
        "specificity": {
            "mean": 0.640625,
            "std": 0.0
        },
        "precision": {
            "mean": 0.7733990147783252,
            "std": 0.0
        },
        "recall": {
            "mean": 0.8971428571428571,
            "std": 0.0
        },
        "f1_score": {
            "mean": 0.8306878306878307,
            "std": 0.0
        }
    }
}