{
    "overall_results": {
        "accuracy": {
            "mean": 0.8448844884488449,
            "std": 0.0
        },
        "auc_roc": {
            "mean": 0.9036160714285715,
            "std": 0.0
        },
        "auc_pr": {
            "mean": 0.9439798918988579,
            "std": 0.0
        },
        "ppv": {
            "mean": 0.872093023255814,
            "std": 0.0
        },
        "sensitivity": {
            "mean": 0.8571428571428571,
            "std": 0.0
        },
        "specificity": {
            "mean": 0.828125,
            "std": 0.0
        },
        "precision": {
            "mean": 0.872093023255814,
            "std": 0.0
        },
        "recall": {
            "mean": 0.8571428571428571,
            "std": 0.0
        },
        "f1_score": {
            "mean": 0.8645533141210374,
            "std": 0.0
        }
    }
}