{
    "overall_results": {
        "accuracy": {
            "mean": 0.8481848184818482,
            "std": 0.0
        },
        "auc_roc": {
            "mean": 0.9009821428571428,
            "std": 0.0
        },
        "auc_pr": {
            "mean": 0.9402810865670707,
            "std": 0.0
        },
        "ppv": {
            "mean": 0.8909090909090909,
            "std": 0.0
        },
        "sensitivity": {
            "mean": 0.84,
            "std": 0.0
        },
        "specificity": {
            "mean": 0.859375,
            "std": 0.0
        },
        "precision": {
            "mean": 0.8909090909090909,
            "std": 0.0
        },
        "recall": {
            "mean": 0.84,
            "std": 0.0
        },
        "f1_score": {
            "mean": 0.8647058823529412,
            "std": 0.0
        }
    }
}