{
    "overall_results": {
        "accuracy": {
            "mean": 0.7293729372937293,
            "std": 0.0
        },
        "auc_roc": {
            "mean": 0.8129017857142856,
            "std": 0.0
        },
        "auc_pr": {
            "mean": 0.8567733504066523,
            "std": 0.0
        },
        "ppv": {
            "mean": 0.7486631016042781,
            "std": 0.0
        },
        "sensitivity": {
            "mean": 0.8,
            "std": 0.0
        },
        "specificity": {
            "mean": 0.6328125,
            "std": 0.0
        },
        "precision": {
            "mean": 0.7486631016042781,
            "std": 0.0
        },
        "recall": {
            "mean": 0.8,
            "std": 0.0
        },
        "f1_score": {
            "mean": 0.7734806629834254,
            "std": 0.0
        }
    }
}