{
    "overall_results": {
        "accuracy": {
            "mean": 0.7557755775577558,
            "std": 0.0
        },
        "auc_roc": {
            "mean": 0.8377678571428572,
            "std": 0.0
        },
        "auc_pr": {
            "mean": 0.887436522520477,
            "std": 0.0
        },
        "ppv": {
            "mean": 0.7853107344632768,
            "std": 0.0
        },
        "sensitivity": {
            "mean": 0.7942857142857143,
            "std": 0.0
        },
        "specificity": {
            "mean": 0.703125,
            "std": 0.0
        },
        "precision": {
            "mean": 0.7853107344632768,
            "std": 0.0
        },
        "recall": {
            "mean": 0.7942857142857143,
            "std": 0.0
        },
        "f1_score": {
            "mean": 0.7897727272727273,
            "std": 0.0
        }
    }
}