{
    "overall_results": {
        "accuracy": {
            "mean": 0.8382838283828383,
            "std": 0.0
        },
        "auc_roc": {
            "mean": 0.9020982142857144,
            "std": 0.0
        },
        "auc_pr": {
            "mean": 0.9422389375934334,
            "std": 0.0
        },
        "ppv": {
            "mean": 0.8795180722891566,
            "std": 0.0
        },
        "sensitivity": {
            "mean": 0.8342857142857143,
            "std": 0.0
        },
        "specificity": {
            "mean": 0.84375,
            "std": 0.0
        },
        "precision": {
            "mean": 0.8795180722891566,
            "std": 0.0
        },
        "recall": {
            "mean": 0.8342857142857143,
            "std": 0.0
        },
        "f1_score": {
            "mean": 0.8563049853372434,
            "std": 0.0
        }
    }
}