{
    "overall_results": {
        "accuracy": {
            "mean": 0.7524752475247525,
            "std": 0.0
        },
        "auc_roc": {
            "mean": 0.8434375000000001,
            "std": 0.0
        },
        "auc_pr": {
            "mean": 0.897594071432662,
            "std": 0.0
        },
        "ppv": {
            "mean": 0.7604166666666666,
            "std": 0.0
        },
        "sensitivity": {
            "mean": 0.8342857142857143,
            "std": 0.0
        },
        "specificity": {
            "mean": 0.640625,
            "std": 0.0
        },
        "precision": {
            "mean": 0.7604166666666666,
            "std": 0.0
        },
        "recall": {
            "mean": 0.8342857142857143,
            "std": 0.0
        },
        "f1_score": {
            "mean": 0.7956403269754768,
            "std": 0.0
        }
    }
}