{
    "overall_results": {
        "accuracy": {
            "mean": 0.834983498349835,
            "std": 0.0
        },
        "auc_roc": {
            "mean": 0.89625,
            "std": 0.0
        },
        "auc_pr": {
            "mean": 0.9392284328031972,
            "std": 0.0
        },
        "ppv": {
            "mean": 0.9084967320261438,
            "std": 0.0
        },
        "sensitivity": {
            "mean": 0.7942857142857143,
            "std": 0.0
        },
        "specificity": {
            "mean": 0.890625,
            "std": 0.0
        },
        "precision": {
            "mean": 0.9084967320261438,
            "std": 0.0
        },
        "recall": {
            "mean": 0.7942857142857143,
            "std": 0.0
        },
        "f1_score": {
            "mean": 0.8475609756097561,
            "std": 0.0
        }
    }
}