{
    "overall_results": {
        "accuracy": {
            "mean": 0.8283828382838284,
            "std": 0.0
        },
        "auc_roc": {
            "mean": 0.9014285714285715,
            "std": 0.0
        },
        "auc_pr": {
            "mean": 0.9412020584047438,
            "std": 0.0
        },
        "ppv": {
            "mean": 0.8397790055248618,
            "std": 0.0
        },
        "sensitivity": {
            "mean": 0.8685714285714285,
            "std": 0.0
        },
        "specificity": {
            "mean": 0.7734375,
            "std": 0.0
        },
        "precision": {
            "mean": 0.8397790055248618,
            "std": 0.0
        },
        "recall": {
            "mean": 0.8685714285714285,
            "std": 0.0
        },
        "f1_score": {
            "mean": 0.8539325842696629,
            "std": 0.0
        }
    }
}