{
    "overall_results": {
        "accuracy": {
            "mean": 0.6732673267326733,
            "std": 0.0
        },
        "auc_roc": {
            "mean": 0.6801339285714285,
            "std": 0.0
        },
        "auc_pr": {
            "mean": 0.7423997895101644,
            "std": 0.0
        },
        "ppv": {
            "mean": 0.6727272727272727,
            "std": 0.0
        },
        "sensitivity": {
            "mean": 0.8457142857142858,
            "std": 0.0
        },
        "specificity": {
            "mean": 0.4375,
            "std": 0.0
        },
        "precision": {
            "mean": 0.6727272727272727,
            "std": 0.0
        },
        "recall": {
            "mean": 0.8457142857142858,
            "std": 0.0
        },
        "f1_score": {
            "mean": 0.7493670886075949,
            "std": 0.0
        }
    }
}