{
    "overall_results": {
        "accuracy": {
            "mean": 0.76,
            "std": 0.0
        },
        "auc_roc": {
            "mean": 0.8426144622093024,
            "std": 0.0
        },
        "auc_pr": {
            "mean": 0.8887653258942732,
            "std": 0.0
        },
        "ppv": {
            "mean": 0.8472222222222222,
            "std": 0.0
        },
        "sensitivity": {
            "mean": 0.7093023255813954,
            "std": 0.0
        },
        "specificity": {
            "mean": 0.828125,
            "std": 0.0
        },
        "precision": {
            "mean": 0.8472222222222222,
            "std": 0.0
        },
        "recall": {
            "mean": 0.7093023255813954,
            "std": 0.0
        },
        "f1_score": {
            "mean": 0.7721518987341772,
            "std": 0.0
        }
    }
}