{
    "overall_results": {
        "accuracy": {
            "mean": 0.834983498349835,
            "std": 0.0
        },
        "auc_roc": {
            "mean": 0.9206249999999999,
            "std": 0.0
        },
        "auc_pr": {
            "mean": 0.9528944772510357,
            "std": 0.0
        },
        "ppv": {
            "mean": 0.8531073446327684,
            "std": 0.0
        },
        "sensitivity": {
            "mean": 0.8628571428571429,
            "std": 0.0
        },
        "specificity": {
            "mean": 0.796875,
            "std": 0.0
        },
        "precision": {
            "mean": 0.8531073446327684,
            "std": 0.0
        },
        "recall": {
            "mean": 0.8628571428571429,
            "std": 0.0
        },
        "f1_score": {
            "mean": 0.8579545454545454,
            "std": 0.0
        }
    }
}