{
    "overall_results": {
        "accuracy": {
            "mean": 0.8316831683168316,
            "std": 0.0
        },
        "auc_roc": {
            "mean": 0.9040178571428572,
            "std": 0.0
        },
        "auc_pr": {
            "mean": 0.9420832767014327,
            "std": 0.0
        },
        "ppv": {
            "mean": 0.8444444444444444,
            "std": 0.0
        },
        "sensitivity": {
            "mean": 0.8685714285714285,
            "std": 0.0
        },
        "specificity": {
            "mean": 0.78125,
            "std": 0.0
        },
        "precision": {
            "mean": 0.8444444444444444,
            "std": 0.0
        },
        "recall": {
            "mean": 0.8685714285714285,
            "std": 0.0
        },
        "f1_score": {
            "mean": 0.856338028169014,
            "std": 0.0
        }
    }
}